woocommerce_name,best_match,similarity
Blended Bundle,Soundscapes Bundle,0.62
Curio – Texture Generator,Tetrad Guitars,0.36
Lutes Of The World Bundle – PLUGINOMAT Deal,Atmosphere Bundle,0.57
Nice Pipes Bundle – Xmas 2023,Soundscapes Bundle,0.69
Obscura – Tortured Orchestral Box,Orchestral Plugin Bundle,0.48
Relaunch Plugin Bundle,Orchestral Plugin Bundle,0.62
Selection Box Bundle – Xmas 2023,Modern FX Bundle,0.61
TestProd,The Code,0.50
Toybox-Retro,Observer,0.50
VSTAlarm FX Bundle,Modern FX Bundle,0.65
VSTAlarm Summer Sounds Bundle,Summer Kickoff MIDI Bundle,0.58
Valentine MIDI Bundle + Free Plugin 2024,MIDI Mob MIDI Bundle,0.60
